{
    "Decision Tree": {
        "best_params": {
            "splitter": "best",
            "min_samples_split": 20,
            "min_samples_leaf": 4,
            "max_depth": 9,
            "criterion": "gini"
        },
        "mean_test_score": [
            0.3902586803299001,
            0.3946443058202965,
            0.3828711308130928,
            0.3879989458992004,
            0.38816579056583256,
            0.3884874028186217,
            0.3868602402123523,
            0.33446815399540275,
            0.3850845930172596,
            0.3904365085433058,
            0.38933973808027045,
            0.3801531074070372,
            0.3840767426013489,
            0.3898162098272607,
            0.3898138353804526,
            0.3833935660471811,
            0.38587370829228296,
            0.33893977560394234,
            0.3902994569438486,
            0.3825493881525481
        ],
        "std_test_score": [
            0.007297383205114485,
            0.0009852487361600901,
            0.004560463447273694,
            0.00795721261040559,
            0.007976208282588491,
            0.00836404971896887,
            0.008799177252187082,
            0.03985845130922238,
            0.008497983935079782,
            0.007108077104506959,
            0.005854606503950127,
            0.0066073134314744405,
            0.006062156679817993,
            0.007643659173596164,
            0.007398179403471693,
            0.007027417252156845,
            0.008290423524069807,
            0.02179097806286354,
            0.008593316023897965,
            0.005079178862900013
        ],
        "mean_train_score": [
            0.67620582391013,
            0.4375540857121057,
            0.3853506613288893,
            0.5843415726821346,
            0.438349551892966,
            0.43845621448636124,
            0.6859265185238035,
            0.3377011841698374,
            0.4106172877422975,
            0.4107650700235168,
            0.5006957617550852,
            0.42853255103467947,
            0.5200326431513703,
            0.41078725614081196,
            0.5554296353728316,
            0.4654423440897812,
            0.6522326343283701,
            0.3465819411448239,
            0.6302321967516951,
            0.43469225484936497
        ],
        "std_train_score": [
            0.01189692423290207,
            0.006159409388673044,
            0.006656357742848863,
            0.014070713813740263,
            0.008233559290313512,
            0.008393227934402562,
            0.010551141056638675,
            0.04301665064825916,
            0.005258086252501957,
            0.0052397948765735775,
            0.009943471112066806,
            0.005327898404819993,
            0.006299145733348924,
            0.006123498440903827,
            0.009252168460134817,
            0.010565413376732396,
            0.006757827259133886,
            0.01922403119695328,
            0.010988117958203475,
            0.005714294766719909
        ],
        "acuracia": 0.5958064090729263,
        "precision": 0.584671460480332,
        "recall": 0.43703861205193006,
        "f1": 0.428977534101357
    }
}