{
    "KNN": {
        "best_params": {
            "weights": "distance",
            "n_neighbors": 5,
            "metric": "manhattan"
        },
        "mean_test_score": [
            0.3626187194935097,
            0.361055243290345,
            0.36202108327334337,
            0.3455383384038738,
            0.3781589192434209,
            0.3770134576640191,
            0.36245481463838636,
            0.37234366184668666,
            0.35294619063138066,
            0.3529499342736463,
            0.3613041137735864,
            0.3433016247157773,
            0.35463636860628744,
            0.3558337258767409,
            0.34930719395724874,
            0.361405697243968,
            0.3757846963525366,
            0.3774806229687532,
            0.35030935329975416,
            0.35371954281963713
        ],
        "std_test_score": [
            0.006660184920874311,
            0.004808908543410065,
            0.0044186334374669515,
            0.005257734972116165,
            0.006012179823401892,
            0.005546994681639645,
            0.002440675308712178,
            0.004265137115891791,
            0.003529056281181424,
            0.003989671392283268,
            0.0032296674621169735,
            0.0037801604427239806,
            0.0038865395676153922,
            0.004448820749965558,
            0.0030674998317804384,
            0.004624239583204521,
            0.005853770941800342,
            0.00532794293596458,
            0.004225080857429865,
            0.0035089484206142396
        ],
        "mean_train_score": [
            0.5436297255469922,
            0.9999778640328085,
            0.4783825942264762,
            0.5719862084471294,
            0.9999778640328085,
            0.9999778640328085,
            0.9999778640328085,
            0.9999778640328085,
            0.4485195281910692,
            0.404409855655772,
            0.9999778640328085,
            0.3916128893790235,
            0.42830156728825086,
            0.4503353377069034,
            0.4205222361890749,
            0.9999778640328085,
            0.9999778640328085,
            0.9999778640328085,
            0.3963581482569641,
            0.41842854338009056
        ],
        "std_train_score": [
            0.0017603006956349286,
            1.807394152759318e-05,
            0.0027749967174270705,
            0.0010710762986506403,
            1.807394152759318e-05,
            1.807394152759318e-05,
            1.807394152759318e-05,
            1.807394152759318e-05,
            0.002485918453921995,
            0.001517898090324768,
            1.807394152759318e-05,
            0.0010368358265024065,
            0.002230154338371553,
            0.0029427391820935926,
            0.0017609839030697252,
            1.807394152759318e-05,
            1.807394152759318e-05,
            1.807394152759318e-05,
            0.001301980026581068,
            0.0036714006506415073
        ]
    }
}