{"KNN": {"best_params": {"weights": "distance", "n_neighbors": 4, "metric": "euclidean"}, "mean_test_score": [0.3602181362550209, 0.35532406142794504, 0.3584836734927096, 0.3388421371673241, 0.3744609202170083, 0.37320278069554885, 0.3576669703398979, 0.3668682853049966, 0.3488063010194173, 0.3451628051855652, 0.35479193076662735, 0.3389095257732058, 0.34811392792919793, 0.35009298815195, 0.3457131200833411, 0.3574117010098185, 0.3729883570433751, 0.3756025974226659, 0.3419906648046764, 0.3503522900199757], "std_test_score": [0.008211364026523654, 0.0037616796997757373, 0.004250230920367979, 0.005597759043442267, 0.007627087792246295, 0.006044036798555273, 0.0017059311019574095, 0.004393604452643998, 0.0033358135504207177, 0.003194571680735787, 0.0015065040533182431, 0.0023710418103738374, 0.005926467929459241, 0.003386503241444254, 0.0030741510902922973, 0.002651136864878416, 0.0025576181971975584, 0.006907110917263917, 0.0026231453677836663, 0.005463624246777745], "mean_train_score": [0.5382835363853414, 1.0, 0.4744764355104586, 0.5675554485213941, 1.0, 1.0, 1.0, 1.0, 0.4405729543982922, 0.3994665329095305, 1.0, 0.3876912707287522, 0.42334779209409684, 0.4469528006140468, 0.41366964842526793, 1.0, 1.0, 1.0, 0.3899141578528712, 0.41536213270339584], "std_train_score": [0.004460771584028441, 0.0, 0.0022074371523566833, 0.002738560790620902, 0.0, 0.0, 0.0, 0.0, 0.0022208012133621466, 0.0017911216109923979, 0.0, 0.00155618837736783, 0.0028950756016010598, 0.0019291099876214278, 0.002623531477320258, 0.0, 0.0, 0.0, 0.0014152430128667706, 0.0012649726641389444], "acuracia: ": 1.0, "precision": 1.0, "recall": 1.0, "f1": 1.0}}