{
    "LightGBM": {
        "best_params": {
            "subsample": 0.8,
            "num_leaves": 31,
            "n_estimators": 50,
            "max_depth": 9,
            "learning_rate": 0.3,
            "colsample_bytree": 0.6
        },
        "mean_test_score": [
            0.408057568411283,
            0.3815802925264866,
            0.41058157248584254,
            0.3920289428714653,
            0.3997997568625381,
            0.39765384533394726,
            0.3070668121117645,
            0.411739882335395,
            0.40512877851474105,
            0.39645359623441834,
            0.406468173488358,
            0.408057568411283,
            0.38763048711914194,
            0.4053590102929194,
            0.40984701917157274,
            0.39774485808981963,
            0.33754972455172727,
            0.4006340117265026,
            0.39765384533394726,
            0.25983419487149506
        ],
        "std_test_score": [
            0.005785760674562306,
            0.0034754225158860797,
            0.005073719933090595,
            0.002001746975342596,
            0.0031721031331282718,
            0.005517442448212516,
            0.006341906378264465,
            0.004321501569579211,
            0.0032511930467069568,
            0.004930356242144418,
            0.005538914651587065,
            0.005785760674562306,
            0.0037449727171973437,
            0.005495593968204277,
            0.0036095511473790923,
            0.00298812372886295,
            0.004755919494725584,
            0.0034799890787391894,
            0.005517442448212516,
            0.0027243248794596242
        ],
        "mean_train_score": [
            0.4898499741191197,
            0.4094046282280795,
            0.5821363654582763,
            0.4153263491417909,
            0.43675388466019915,
            0.41643107178730165,
            0.3100127097958537,
            0.5297174855283406,
            0.4630664477372898,
            0.44828971437337845,
            0.541539597490112,
            0.4898499741191197,
            0.4287002246326909,
            0.44587124642881,
            0.4739311141054429,
            0.4188814167020003,
            0.34538484102581557,
            0.4395510625467793,
            0.41643107178730165,
            0.26180199909895496
        ],
        "std_train_score": [
            0.003056933074816284,
            0.0044226948444828565,
            0.001612464079954706,
            0.0033874693235315945,
            0.003362409794266224,
            0.0024512731688219047,
            0.003493439500596718,
            0.0032866451159991065,
            0.003921787214702395,
            0.0036504445080663577,
            0.004606289307265379,
            0.003056933074816284,
            0.004732058227402609,
            0.003331855254106669,
            0.0023781837802432236,
            0.00218192040652347,
            0.0024859960974547347,
            0.003360194432997838,
            0.0024512731688219047,
            0.0021972659355535902
        ],
        "acuracia: ": 0.6541935909270737,
        "precision": 0.7068701710072988,
        "recall": 0.5021804259633701,
        "f1": 0.5103146669553696
    }
}