{
    "LightGBM": {
        "best_params": {
            "subsample": 0.8,
            "num_leaves": 31,
            "n_estimators": 50,
            "max_depth": 9,
            "learning_rate": 0.3,
            "colsample_bytree": 0.6
        },
        "mean_test_score": [
            0.40610589723708435,
            0.3845323062463971,
            0.4110327472087284,
            0.3931977958034499,
            0.3990925836861599,
            0.3962105080606372,
            0.30288525325553906,
            0.41221973531264916,
            0.406437990056992,
            0.39709549571809644,
            0.41081790063198814,
            0.40610589723708435,
            0.3884043980946439,
            0.4024736983149751,
            0.4098337671972668,
            0.3994120148757413,
            0.339510111021173,
            0.3990147426953158,
            0.3962105080606372,
            0.26549069818371096
        ],
        "std_test_score": [
            0.003182404689046432,
            0.0015464450878033816,
            0.0021592520859013142,
            0.002702966262873815,
            0.0023359849798994183,
            0.0017785399544118475,
            0.0020690233571631004,
            0.0036762821405224057,
            0.0021855920145458342,
            0.0025231141053666866,
            0.0029484954181846048,
            0.003182404689046432,
            0.0017741753723850466,
            0.002105679686912602,
            0.002546458487509171,
            0.0023100281567290126,
            0.0021193453107030925,
            0.002362726465960468,
            0.0017785399544118475,
            0.0022651828329058833
        ],
        "mean_train_score": [
            0.45746976709447285,
            0.4006548216751197,
            0.5053094084572585,
            0.4033002371983807,
            0.4176478556172002,
            0.40870040936934365,
            0.3042689606284501,
            0.4757426799783725,
            0.43643845240826823,
            0.42813346580427875,
            0.4864993845014899,
            0.45746976709447285,
            0.4100749232510011,
            0.4262919385212024,
            0.44288742493791655,
            0.4102064307054946,
            0.3434596278328589,
            0.42005212589522534,
            0.40870040936934365,
            0.2661047786795696
        ],
        "std_train_score": [
            0.0019877034525422627,
            0.0020057879469676273,
            0.0015270259268628608,
            0.0014779815448160065,
            0.0014472143827014522,
            0.001216708653599056,
            0.0022124704476924645,
            0.0023915521507955275,
            0.001546943759146184,
            0.0019458340092170171,
            0.0027535991274510265,
            0.0019877034525422627,
            0.001820918345088512,
            0.001354697598919115,
            0.001445493445885629,
            0.0008229824697924095,
            0.0015311458115045932,
            0.0032930456641995743,
            0.001216708653599056,
            0.0013003624679722374
        ]
    }
}