{"MLP": {"best_params": {"solver": "lbfgs", "learning_rate": "invscaling", "hidden_layer_sizes": [100], "alpha": 0.01, "activation": "tanh"}, "mean_test_score": [0.3914813382088339, 0.3571139584042992, 0.38748648393749807, 0.3909312049867484, 0.38849863046475097, 0.3812033461478131, 0.3792236263741862, 0.35593141152066754, 0.3771683404911281, 0.34567445181318424, 0.3756117372968035, 0.3853940601241258, 0.3408423131929246, 0.3246129981598809, 0.3777371105830437, 0.39136086308654466, 0.38269677348027875, 0.38440569148819714, 0.365973563544363, 0.38653198316439036], "std_test_score": [0.002080081282293421, 0.005199328558648766, 0.00301772427031955, 0.004366419259636697, 0.004823017338037944, 0.008953100586392745, 0.007231687302969572, 0.0031563772033868366, 0.004658813735952437, 0.010877438008064783, 0.007064547988474727, 0.004296062235445407, 0.00886483178298584, 0.01557442527347125, 0.004778162181945469, 0.003410450715084101, 0.004328867799075817, 0.0039698889553412674, 0.0048162878110566045, 0.004515275262640801], "mean_train_score": [0.5549757816644711, 0.3594216839777934, 0.4157747345815343, 0.41583803886473963, 0.5466585755586165, 0.4155910867426467, 0.4308971952074474, 0.3570184983217926, 0.39163565447399, 0.3451475848117179, 0.41266723392199695, 0.5866387561012673, 0.33662244144741976, 0.3228878318860187, 0.3937851569242308, 0.4901891933677886, 0.4166989768808456, 0.4241316790992329, 0.3703659784062888, 0.5179240884203219], "std_train_score": [0.003749475720961955, 0.001859242337527044, 0.002435750528119638, 0.005569022628751295, 0.006648794946810892, 0.0020403452193968334, 0.011404198618992308, 0.001769051176247238, 0.004855279745551521, 0.009924393540880377, 0.003821004440094135, 0.011908759347648705, 0.008869622624722816, 0.012741622782231593, 0.0036679287699067035, 0.005660455468713367, 0.001837402967737036, 0.00505708546047357, 0.00384764319928308, 0.004254633366505248], "acuracia: ": 0.6516220493208492, "precision": 0.6156774748705117, "recall": 0.5102207558724002, "f1": 0.5190816114150888}}