{
    "Random Forest": {
        "best_params": {"n_estimators": 71,"max_depth": 27,"criterion": "entropy"},
        "mean_test_score": [
            0.36292010320730567,
            0.3644274371133588,
            0.37861522593543406,
            0.3853883502306549,
            0.3660409088839599,
            0.37661546129475115,
            0.28663541627773637,
            0.36639254167151614,
            0.3705427821041455,
            0.3852702662652246,
            0.3796605447740937,
            0.3873550527404626,
            0.33918494812502226,
            0.38594164697597566,
            0.3841441491410853,
            0.3851933942659445,
            0.3461902006816899,
            0.37790769714355604,
            0.38371365850594347,
            0.38478219715571427
        ],
        "std_test_score": [
            0.002892890964840271,
            0.0019086853112941777,
            0.003497553787159163,
            0.0042775332771305356,
            0.002775049722363021,
            0.004382347371515399,
            0.002346397529101005,
            0.003608597484864661,
            0.0031864420519044693,
            0.002228480371425733,
            0.003479990120795594,
            0.0034506082657770032,
            0.006019175701519278,
            0.0009735716556557084,
            0.0021759797920649876,
            0.004400915562328778,
            0.008236293819839749,
            0.0029781153552361824,
            0.0009171437731758099,
            0.0026307534422281348
        ],
        "mean_train_score": [
            0.39378979312412354,
            0.4005880683236002,
            0.7988545958561868,
            0.8834167158869024,
            0.39724795063472707,
            0.6355759760550271,
            0.2869674001636395,
            0.396373149170491,
            0.48236663886551323,
            0.898576112534206,
            0.6203422778770923,
            0.9974129170600085,
            0.3456237283020151,
            0.9849943914252283,
            0.8080144403375694,
            0.9102318376838603,
            0.3528539306401063,
            0.6494266228961869,
            0.9206025544243077,
            0.9976825055684028
        ],
        "std_train_score": [
            0.0017966720771772423,
            0.0031200321717091513,
            0.0029127642773806237,
            0.00456859765303169,
            0.0021074475781402476,
            0.002834725604139343,
            0.0051640781480361475,
            0.0023041669899395395,
            0.0035433043065003526,
            0.006284347605747481,
            0.0059097789782109325,
            0.00043882457254653865,
            0.003491850826745201,
            0.0017314627391184193,
            0.006561835772985223,
            0.004494766140788759,
            0.010186215336355829,
            0.003558529649083152,
            0.005125557061405133,
            0.0004951947625959162
        ],
        "acuracia": 0.9973954899116445,
        "precision": 0.9982739043641248,
        "recall": 0.9937347588797092,
        "f1": 0.9959785857802911
    }
}