{
    "Random Forest": {
        "best_params": {
            "n_estimators": 81,
            "max_depth": 27,
            "criterion": "entropy"
        },
        "mean_test_score": [
            0.36582647466540746,
            0.36837647687398645,
            0.3860068451132448,
            0.3888546307187275,
            0.3692624102681415,
            0.38066517294819274,
            0.28547022086190527,
            0.36814473646614715,
            0.3755422902226162,
            0.3904199814847401,
            0.38258726081027483,
            0.39059739877612504,
            0.3468819879719885,
            0.3895122722258098,
            0.38567390869289586,
            0.3878714346487807,
            0.3523859797863099,
            0.38014410152162775,
            0.38950665877688084,
            0.39071730493806056
        ],
        "std_test_score": [
            0.0021971053452710856,
            0.0031262158438445744,
            0.003049142949051504,
            0.0025505846072594353,
            0.0012006652240916904,
            0.0020391772706742253,
            0.00939726680393401,
            0.0015058723832543375,
            0.002152874954887619,
            0.002427193106481914,
            0.0027906090128499493,
            0.0024840497223459937,
            0.005590105156050454,
            0.0021641167828127493,
            0.001725935911881925,
            0.0014614891596293996,
            0.011560610768045909,
            0.004286469334070181,
            0.0032843184850206036,
            0.0014829824009686791
        ],
        "mean_train_score": [
            0.3837408606306391,
            0.38522629313275714,
            0.7311221130832575,
            0.8289136630868394,
            0.387333189425611,
            0.5629523851163755,
            0.28667604528733237,
            0.38737202720283154,
            0.4411076370080377,
            0.8477895814752106,
            0.5553068858092516,
            0.9909872225753583,
            0.350284836234802,
            0.9604591117358823,
            0.7203877186729808,
            0.8526796368818751,
            0.35695729075011917,
            0.6086122632000694,
            0.864541787548896,
            0.9914980544384073
        ],
        "std_train_score": [
            0.0012757442508086647,
            0.0036904565996001104,
            0.00940489498366014,
            0.0072828617591033885,
            0.0020758219550206913,
            0.0031447798948962173,
            0.008146704877668302,
            0.0012871983296641948,
            0.0018181113308508804,
            0.0036092288495293925,
            0.003912518962991045,
            0.00047650984424717224,
            0.00595333561223687,
            0.0021317343990184235,
            0.00459564231588304,
            0.007774490503547506,
            0.010714654529775217,
            0.013558010628062795,
            0.0045261479027090615,
            0.0012268918416629998
        ]
    }
}