{
    "Stacking Generic": {
        "best_params": {
            "stack_method": "auto",
            "final_estimator__kernel": "linear",
            "final_estimator__C": 10
        },
        "mean_test_score": [
            0.5561,
            0.5606,
            0.5481,
            0.5481999999999999,
            0.5611,
            0.5584,
            0.554,
            0.5566000000000001,
            0.5631999999999999,
            0.5557000000000001,
            0.5577,
            0.5543
        ],
        "std_test_score": [
            0.01070700705145935,
            0.0078128099938498,
            0.00599499791492877,
            0.002541653005427793,
            0.005161395160225581,
            0.010664895686315894,
            0.006316644678941485,
            0.006880406964707823,
            0.009907572861200635,
            0.005134199061197373,
            0.006136774397026483,
            0.005427706698044755
        ],
        "mean_train_score": [
            0.8837249999999999,
            0.88375,
            0.879975,
            0.8816499999999999,
            0.883775,
            0.88375,
            0.883375,
            0.88195,
            0.8837499999999998,
            0.883775,
            0.8759499999999999,
            0.879175
        ],
        "std_train_score": [
            0.0001224744871391726,
            0.0001369306393762967,
            0.005367378317204776,
            0.0037025329168016894,
            9.35414346693323e-05,
            7.905694150420077e-05,
            0.0005361902647381886,
            0.0009539392014169394,
            0.00011180339887497717,
            4.999999999997229e-05,
            0.01640228642598341,
            0.01172619929900564
        ],
        "acuracia: ": 0.8838,
        "precision": 0.5864373798669541,
        "recall": 0.6666666666666666,
        "f1": 0.6212217952677398
    }
}