{"Stacking Generic": {"best_params": {"stack_method": "auto", "final_estimator__kernel": "linear", "final_estimator__C": 10}, "mean_test_score": [0.5708821718309735, 0.5684095954336918, 0.5653103863653322, 0.5651126167728852, 0.5698931825736905, 0.5704535098260652, 0.5692996944603265, 0.5669918300485767, 0.5712118077446099, 0.5711458773012275, 0.5673216887736355, 0.5666292126099745], "std_test_score": [0.001352869682269843, 0.0039982647920269905, 0.002534430999468556, 0.004354960349605828, 0.0022343570970612884, 0.002201876627712523, 0.0026532302171403087, 0.0027961680223879235, 0.002226910570029602, 0.002728632690083584, 0.0035835595194741686, 0.0028209111491150347], "mean_train_score": [0.8867532638335718, 0.8867450211695708, 0.8861268624690266, 0.8859290514402932, 0.8867532634939062, 0.8867367795245664, 0.8853685988603983, 0.8853438752840473, 0.8867120528912256, 0.8867367805435631, 0.8844042849556912, 0.8834729063817706], "std_train_score": [2.616460449591045e-05, 4.193743797954687e-05, 0.00028369624529225233, 0.00048138016748160584, 2.7595129958320766e-05, 4.227079807675167e-05, 0.0013299585600279207, 0.0011733465713028358, 4.604486099982683e-05, 5.994992330315713e-05, 0.0018871183184907415, 0.0029814480281028554], "acuracia: ": 0.8866873269154688, "precision": 0.5873880160299859, "recall": 0.666575914329794, "f1": 0.6216523919769269}}