{
    "Stacking MLP": {
        "best_params": {"stack_method": "predict_proba","final_estimator__hidden_layer_sizes": [50,50],"final_estimator__alpha": 0.01,"final_estimator__activation": "tanh"},
        "mean_test_score": [
            0.3630433472500513,
            0.3557998985872766,
            0.3575793128182646,
            0.36006639949842717,
            0.35891410841817456,
            0.3613942853120172,
            0.3609320813300615,
            0.36047514268106007,
            0.35794104118750336,
            0.3574495053287151,
            0.3620360513937584,
            0.35785674785072347,
            0.3607591044627963,
            0.35919887630145436,
            0.36143386350805345,
            0.3593266725444119,
            0.3532295650682155,
            0.36030775674992965,
            0.3578930078147053,
            0.3595400704344959
        ],
        "std_test_score": [
            0.00602785101179551,
            0.007087500090598016,
            0.007375991624319355,
            0.007931949567705304,
            0.00588248642888362,
            0.004589860788593512,
            0.0048768241011878,
            0.003774342333140369,
            0.007915666496424043,
            0.011685878049504068,
            0.007559619448260193,
            0.00942848261375441,
            0.002131423343021204,
            0.009419347277797866,
            0.009127199321932898,
            0.005469187298225129,
            0.002170998548207001,
            0.011248111292414018,
            0.007612365454904612,
            0.002272463822747311
        ],
        "mean_train_score": [
            0.43122462497471503,
            0.420542666718573,
            0.4183262335060699,
            0.4242218189332396,
            0.42215911552961477,
            0.425779860743911,
            0.4281373721685259,
            0.4202040353824902,
            0.41920567036464684,
            0.42045645954568467,
            0.425285416122827,
            0.4219790838216328,
            0.42540056526299647,
            0.4228434560939016,
            0.4270019283960389,
            0.4195883450977555,
            0.41181580227893744,
            0.4278244030383659,
            0.41907498261341924,
            0.424818825896858
        ],
        "std_train_score": [
            0.011982613925403018,
            0.00876514646871791,
            0.006139149807469769,
            0.0134489054375997,
            0.010471135783444552,
            0.015714512364954476,
            0.013269220532737349,
            0.01485323186670695,
            0.01304563616462835,
            0.011697009225773523,
            0.00685258870590234,
            0.012549565007150307,
            0.011267409517783385,
            0.019217007197668043,
            0.011410011728631488,
            0.008523599496830283,
            0.012017600563053779,
            0.0166390049196201,
            0.01649193853528513,
            0.006810624064744333
        ],
        "acuracia": 0.6324343927205591,
        "precision": 0.7401021565331454,
        "recall": 0.45063812831276245,
        "f1": 0.42700071329032335
    }
}