{"SVM": {"best_params": {"max_iter": 1000, "kernel": "sigmoid", "gamma": "scale", "C": 100}, "mean_test_score": [0.2640373542654184, 0.25547148927533214, 0.2555625047352004, 0.33409352191785535, 0.3093304132750586, 0.29540927285662333, 0.07352502604710977, 0.34673048528724626, 0.0732675498861052, 0.08023749475216703, 0.2922352807094016, 0.17489761034662882, 0.3305278891969875, 0.1973400245110393, 0.3695833091066724, 0.305799389053344, 0.2918271513704461, 0.20381776779213095, 0.09523984416629636, 0.3409048192159442], "std_test_score": [0.014902394611925785, 0.013281264440030064, 0.010065445377413476, 0.02125929207803763, 0.018747529054772567, 0.05300013552798125, 0.0021777407478747427, 0.015135287811090314, 0.002092485880809742, 0.006553170069196283, 0.012284760874741955, 0.009312816136849034, 0.006165656958006164, 0.002183852855781583, 0.007885759695243251, 0.023751859518836814, 0.030365971590329367, 0.018575021177016666, 0.005908483003792306, 0.009602706775346024], "mean_train_score": [0.2595109785881876, 0.2728506446144577, 0.272936164327768, 0.3300148365877011, 0.4283176921677366, 0.29184693904867987, 0.07557878716397823, 0.3524864567126856, 0.07547560361638898, 0.07920828171139731, 0.3470939809856186, 0.18803970251724006, 0.33916167477927534, 0.23392598895716513, 0.3640497120607351, 0.3493457871180425, 0.29071539435884175, 0.2036458146362179, 0.09990481456672648, 0.35940758604592066], "std_train_score": [0.017437093245399278, 0.013632024905753165, 0.012796475256350233, 0.018769292162567494, 0.016914291000199075, 0.05017272002034398, 0.0037958990809884704, 0.0115715808327023, 0.003616550755759582, 0.00421253125198904, 0.01650554359704801, 0.014583291518507104, 0.010355374203752628, 0.0027775117059057053, 0.0073467991976948425, 0.030705008101446194, 0.02966910398977307, 0.019438205073476128, 0.006532883440513043, 0.012985382484283672], "acuracia: ": 0.45453646314123697, "precision": 0.3732314942675979, "recall": 0.37113436013567, "f1": 0.359719956079151}}