{
    "SVM": {
        "best_params": {
            "max_iter": 1000,
            "kernel": "sigmoid",
            "gamma": "scale",
            "C": 100
        },
        "mean_test_score": [
            0.28192084684189733,
            0.214623396238873,
            0.19907206934970711,
            0.30258114841901673,
            0.1541988149698687,
            0.2976118535127998,
            0.07452251517186607,
            0.3148962922528885,
            0.07324875432345554,
            0.11153906465972926,
            0.2619553102953333,
            0.1039526704439691,
            0.33188023383625026,
            0.07959186787705268,
            0.3582755661775566,
            0.30162765376894046,
            0.2516747493162887,
            0.1991840484604008,
            0.09314313654036095,
            0.306874791736755
        ],
        "std_test_score": [
            0.028128280215178766,
            0.010448525385908446,
            0.0116825384355292,
            0.03331155577875658,
            0.007946173017463422,
            0.05580217707025815,
            0.0026530776149533745,
            0.023874591345045413,
            0.001972419025498582,
            0.02951783814568626,
            0.029017496094924135,
            0.006256070807293503,
            0.010735713560292142,
            0.004143253536235298,
            0.02224041324491835,
            0.03202875516143592,
            0.02363832552751722,
            0.03306163395943619,
            0.00645431021903523,
            0.025523369262724818
        ],
        "mean_train_score": [
            0.2822112515446226,
            0.22258834534796904,
            0.20603369002792613,
            0.3002267694664136,
            0.16593229501508844,
            0.2980721611128752,
            0.07601078379130081,
            0.31590987910803897,
            0.07445619217034463,
            0.11050640739639732,
            0.2749666587076869,
            0.10679160488991135,
            0.33445765458470844,
            0.08221809042531267,
            0.35594365349839635,
            0.32212924289303696,
            0.2525600305299259,
            0.19607167430350403,
            0.09510140867385236,
            0.3222188432831918
        ],
        "std_train_score": [
            0.026134899928444984,
            0.01299576916031067,
            0.01502163542010673,
            0.030441029193619313,
            0.009823512027217448,
            0.05504744377373829,
            0.002598410257852236,
            0.023874552251242243,
            0.0011558241866095717,
            0.029807865919962886,
            0.029562445949081504,
            0.007358401492708342,
            0.009454397702203713,
            0.005385779623584173,
            0.022882924261228194,
            0.03360845508251543,
            0.026137229648055142,
            0.0326014996441045,
            0.006200067647853253,
            0.027685654295546664
        ]
    },
    "KNN": {
        "best_params": {
            "weights": "distance",
            "n_neighbors": 5,
            "metric": "manhattan"
        },
        "mean_test_score": [
            0.3626187194935097,
            0.361055243290345,
            0.36202108327334337,
            0.3455383384038738,
            0.3781589192434209,
            0.3770134576640191,
            0.36245481463838636,
            0.37234366184668666,
            0.35294619063138066,
            0.3529499342736463,
            0.3613041137735864,
            0.3433016247157773,
            0.35463636860628744,
            0.3558427561128885,
            0.34930719395724874,
            0.361405697243968,
            0.3757846963525366,
            0.3774806229687532,
            0.3503089813658448,
            0.35371049216217076
        ],
        "std_test_score": [
            0.006660184920874311,
            0.004808908543410065,
            0.0044186334374669515,
            0.005257734972116165,
            0.006012179823401892,
            0.005546994681639645,
            0.002440675308712178,
            0.004265137115891791,
            0.003529056281181424,
            0.003989671392283268,
            0.0032296674621169735,
            0.0037801604427239806,
            0.0038865395676153922,
            0.004434010780233052,
            0.0030674998317804384,
            0.004624239583204521,
            0.005853770941800342,
            0.00532794293596458,
            0.004225617727634633,
            0.0035129547029947796
        ],
        "mean_train_score": [
            0.5436297255469922,
            0.9999778640328085,
            0.47837862294214284,
            0.5719844957119362,
            0.9999778640328085,
            0.9999778640328085,
            0.9999778640328085,
            0.9999778640328085,
            0.4485195281910692,
            0.404409855655772,
            0.9999778640328085,
            0.3916128893790235,
            0.42830156728825086,
            0.4503460698531715,
            0.4205222361890749,
            0.9999778640328085,
            0.9999778640328085,
            0.9999778640328085,
            0.3963581482569641,
            0.41843274651125195
        ],
        "std_train_score": [
            0.0017603006956349286,
            1.807394152759318e-05,
            0.0027846804066648137,
            0.0010702411236752855,
            1.807394152759318e-05,
            1.807394152759318e-05,
            1.807394152759318e-05,
            1.807394152759318e-05,
            0.002485918453921995,
            0.001517898090324768,
            1.807394152759318e-05,
            0.0010368358265024065,
            0.002230154338371553,
            0.002932625857369495,
            0.0017609839030697252,
            1.807394152759318e-05,
            1.807394152759318e-05,
            1.807394152759318e-05,
            0.001301980026581068,
            0.0036749624519502844
        ]
    }
}