{
    "XGBoost": {
        "best_params": {
            "subsample": 0.8,
            "n_estimators": 200,
            "max_depth": 4,
            "learning_rate": 0.5,
            "gamma": 0.1
        },
        "mean_test_score": [
            0.4090679293869631,
            0.40619676473976146,
            0.4035087939396096,
            0.40806964823561315,
            0.40754823729550244,
            0.4059940994986693,
            0.40579030579806136,
            0.4012130417400931,
            0.40710251428918554,
            0.4125697096291354,
            0.4128602202077972,
            0.38249046159496414,
            0.40048542152920064,
            0.40479285391716857,
            0.4023565780877494,
            0.38987746315956484,
            0.4110013586959802,
            0.4022928697363743,
            0.4089927783500281,
            0.3873136501184015
        ],
        "std_test_score": [
            0.005229016233526742,
            0.005930433983348002,
            0.003252248536092673,
            0.0028341984876775043,
            0.005034204805325891,
            0.005202589912012411,
            0.00562341823879897,
            0.0027904519416798463,
            0.007611760647460293,
            0.007045680379406536,
            0.0034381328876779134,
            0.003187300296257921,
            0.005388002241696889,
            0.007128167887464396,
            0.003815641560745687,
            0.002131945934423046,
            0.006089191709405809,
            0.003034722310954785,
            0.005369684012133659,
            0.0023395465258602625
        ],
        "mean_train_score": [
            0.7805354283259152,
            0.9990861238978523,
            0.4458956495295146,
            0.5980161977451319,
            0.8060351698382536,
            0.4683565929716146,
            0.6265420590087112,
            0.59078046457449,
            0.9229375035079276,
            0.7199861725025095,
            0.597935466121641,
            0.39774144412609236,
            0.5118585181612783,
            0.7762291160810169,
            0.9928467849000981,
            0.4563087573218988,
            0.5471163829199819,
            0.4317617610959905,
            0.5427826962515779,
            0.4262816907706936
        ],
        "std_train_score": [
            0.003471695587889459,
            0.0002073327901440949,
            0.0036996137515191143,
            0.004738194176515163,
            0.001644253409306027,
            0.00339955091485343,
            0.006195802977663552,
            0.007535885730167392,
            0.0015240469091677812,
            0.0039051194829931284,
            0.0036662750718103234,
            0.003649113450994638,
            0.004047571493108813,
            0.0031706539415651143,
            0.0005440139314821388,
            0.005021742440519307,
            0.007078618855308456,
            0.0012001179765716455,
            0.0018001504396219427,
            0.0054970820293194006
        ],
        "acuracia: ": 0.6828102334168535,
        "precision": 0.7383048122143068,
        "recall": 0.5462357067848367,
        "f1": 0.5686172804109861
    }
}