{
    "XGBoost": {
        "best_params": {
            "subsample": 0.8,
            "n_estimators": 200,
            "max_depth": 4,
            "learning_rate": 0.5,
            "gamma": 0.1
        },
        "mean_test_score": [
            0.4138564967742496,
            0.4108530511158256,
            0.404750626121187,
            0.4107438186148876,
            0.41512741571974454,
            0.40149564101896507,
            0.4133065159630879,
            0.40525912438586165,
            0.4125145326938225,
            0.4171619435398194,
            0.41787843588460716,
            0.3842175973871913,
            0.401399870300476,
            0.413975130088828,
            0.40973804652875,
            0.39171431968010173,
            0.41317364930070893,
            0.40147320901197003,
            0.41047123689246734,
            0.3898980732720064
        ],
        "std_test_score": [
            0.002711277262273908,
            0.0030975737202251917,
            0.0033830258879041703,
            0.003202907954880027,
            0.0032288391966452806,
            0.0016607160888020378,
            0.004292699395779911,
            0.0020979306967913625,
            0.004355448972803838,
            0.004111591758897513,
            0.005303921122081698,
            0.0022456859412700063,
            0.0009191291351307529,
            0.0014222762852349826,
            0.005961427356870174,
            0.0018004840900508504,
            0.0037003909158370243,
            0.0028448676274120655,
            0.0018367087449734283,
            0.0027119961959577317
        ],
        "mean_train_score": [
            0.6621938724753559,
            0.9900755396326074,
            0.42533940669589876,
            0.5256294973603419,
            0.6749509952154086,
            0.4396895627465069,
            0.5666580953902255,
            0.5314037853551588,
            0.7987099478885245,
            0.6061451742982722,
            0.5202815022998197,
            0.3915711193109081,
            0.4749517762370211,
            0.6632655594182054,
            0.9408660843471622,
            0.43326304943375754,
            0.5097725062784086,
            0.4164071065795418,
            0.48269502526626173,
            0.4125431480338643
        ],
        "std_train_score": [
            0.00267143822990407,
            0.0005285705519139195,
            0.0009784470427753285,
            0.004045447496493511,
            0.002041869499763294,
            0.0011194273541384446,
            0.004531926030869347,
            0.0028403016719177458,
            0.002452541103472995,
            0.0028019215565218436,
            0.0021741089053005534,
            0.0019176013353786783,
            0.0038723282027116703,
            0.009832483982229724,
            0.001580128689461533,
            0.0017680068933818634,
            0.0037416721114676985,
            0.00221048133869601,
            0.0024613222957669775,
            0.0020371029308184174
        ]
    }
}