{
    "Decision Tree": {
        "best_params": {
            "splitter": "best",
            "min_samples_split": 20,
            "min_samples_leaf": 4,
            "max_depth": 9,
            "criterion": "gini"
        },
        "mean_test_score": [
            0.3945633509282763,
            0.4005929331018171,
            0.37617969157242703,
            0.39493393062596105,
            0.3920679348532478,
            0.3919675473219645,
            0.39256254619130887,
            0.34088948805413044,
            0.3863802910337074,
            0.3850422792984215,
            0.3969495582492734,
            0.381217994907907,
            0.38995041988635665,
            0.38464196860813843,
            0.39372895604281805,
            0.38998692516029904,
            0.38932086678479516,
            0.3457819720168303,
            0.3954758032492395,
            0.38375428930809646
        ],
        "std_test_score": [
            0.0025598918009921054,
            0.003009181214905493,
            0.01053005974557641,
            0.005077501597552098,
            0.00891376176535397,
            0.009028811460507232,
            0.004066462538214763,
            0.022862549298377548,
            0.006291897611044149,
            0.004748027954678078,
            0.006006001526997914,
            0.0038427781669163994,
            0.004784528063914614,
            0.0035166761720969177,
            0.006623991870074648,
            0.0056297432890337375,
            0.0016019976968906888,
            0.016300514895937174,
            0.003215133581368723,
            0.007325371020655213
        ],
        "mean_train_score": [
            0.6360774758605517,
            0.4318133468328016,
            0.37919619661058435,
            0.5515051782432889,
            0.4222578020133326,
            0.42235736438752713,
            0.6338448660815896,
            0.3411126463277296,
            0.39923562831818954,
            0.3941012919053798,
            0.48539076383777235,
            0.41094807210770234,
            0.5066479189689586,
            0.3942721257671532,
            0.5444976628859167,
            0.45152666250014767,
            0.611693480476906,
            0.3474047877067769,
            0.6009508164234304,
            0.4162682712997327
        ],
        "std_train_score": [
            0.006213987723305789,
            0.00366357277320295,
            0.009765450242777305,
            0.006570684493363283,
            0.007574441934412085,
            0.007650597630181314,
            0.013668825343300309,
            0.023247667834809815,
            0.00616490849028406,
            0.003750649351668533,
            0.003709906495743539,
            0.001475010960272538,
            0.0073965803557190304,
            0.003071782425872887,
            0.003236887506828862,
            0.005290574903271383,
            0.01513622250676453,
            0.016290223395432134,
            0.006084322163577069,
            0.002388780306465222
        ]
    }
}