{"MLP": {"best_params": {"solver": "lbfgs", "learning_rate": "invscaling", "hidden_layer_sizes": [100], "alpha": 0.01, "activation": "tanh"}, "mean_test_score": [0.3951332848482204, 0.35867662148524365, 0.38577771554087414, 0.386763576382539, 0.39138635054716686, 0.38503742789691475, 0.38540288010407125, 0.356263733987886, 0.38194789780808636, 0.34937501432718726, 0.38271488570246104, 0.3881446303928495, 0.3425574632724118, 0.3193148987088398, 0.38093672484303076, 0.38873388842836143, 0.3810109527869817, 0.38479462099778594, 0.3683098885513702, 0.3875055173233132], "std_test_score": [0.0016199723671127908, 0.001073832254656451, 0.004728923710900439, 0.003018715187064472, 0.008184577920751715, 0.005158546918491393, 0.0019935015783548986, 0.0023387616470447827, 0.0036875029931627023, 0.0027553788016487957, 0.0037555751284273206, 0.002568237001179489, 0.004028824817520992, 0.010717334002482102, 0.003666514296440954, 0.0033525887462468166, 0.005582314692358189, 0.0014831036284254728, 0.00446249911774172, 0.003390968024541736], "mean_train_score": [0.47989432768480356, 0.35912372006754656, 0.4113071448501091, 0.4011792996738646, 0.4707959266595113, 0.39979405047300237, 0.4097830214911536, 0.3563179834901653, 0.3886169752302032, 0.3486578406587272, 0.4004306544526539, 0.48562679411983173, 0.3406552024582002, 0.3191563678696738, 0.39338699041226133, 0.4378697665808476, 0.4015064333215296, 0.40442243839063285, 0.37260927612245054, 0.457354373751483], "std_train_score": [0.0023418446619303847, 0.0003765128701091816, 0.0023402527204656725, 0.00303152504697287, 0.005170586547261659, 0.003466293204642456, 0.002620517981450694, 0.0028536989094022336, 0.003252641966519526, 0.004369524063968335, 0.004871068043497181, 0.0044485259431306014, 0.0036588176727327462, 0.01058147469321639, 0.0023074110755570555, 0.00596563190696484, 0.005704819074263813, 0.0019958705672638, 0.0048381980265052174, 0.0035756704246682996]}}